"Submission Date","Your Team Name (the person filling this out)",Players!,Players!,Players!,Players!,Players!,Players!,Players!,Players!,Players!,Players!,Players!,Players!
"Sep 24, 2021","heat culture","Dropdown: Darius Garland, Contract Length: 2, Salary year 1: 15, Year 2: 10, Year 3: , Year 4: , Year 5: , Year 6: , Year 7: 
Dropdown: Joe Ingles, Contract Length: 1, Salary year 1: 5, Year 2: , Year 3: , Year 4: , Year 5: , Year 6: , Year 7: 
",,,,"Dropdown: Bogdan Bogdanovic, Contract Length: 1, Salary year 1: 8, Year 2: , Year 3: , Year 4: , Year 5: , Year 6: , Year 7: 
",,,,,,,
"Sep 24, 2021","Sweat Kennel U","Dropdown: Darius Garland, Contract Length: 2, Salary year 1: 10, Year 2: 12, Year 3: , Year 4: , Year 5: , Year 6: , Year 7: 
","Dropdown: Jusuf Nurkic, Contract Length: 1, Salary year 1: 7, Year 2: , Year 3: , Year 4: , Year 5: , Year 6: , Year 7: 
",,,,,,,,,"Dropdown: Anthony Edwards, Contract Length: 4, Salary year 1: 10, Year 2: 20, Year 3: 30, Year 4: 35, Year 5: , Year 6: , Year 7: 
","Dropdown: Derrick White, Contract Length: 1, Salary year 1: 7, Year 2: , Year 3: , Year 4: , Year 5: , Year 6: , Year 7: 
"
"Sep 24, 2021","New York Sbarros","Dropdown: , Contract Length: 1, Salary year 1: , Year 2: , Year 3: , Year 4: , Year 5: , Year 6: , Year 7: 
",,"Dropdown: , Contract Length: , Salary year 1: -3, Year 2: , Year 3: , Year 4: , Year 5: , Year 6: , Year 7: 
",,,,,,,,"Dropdown: Anthony Edwards, Contract Length: 6, Salary year 1: 40, Year 2: 10, Year 3: 20, Year 4: 30, Year 5: 40, Year 6: 40, Year 7: 
Dropdown: Gary Trent Jr., Contract Length: 3, Salary year 1: 20, Year 2: 15, Year 3: 10, Year 4: , Year 5: , Year 6: , Year 7: 
",
"Sep 23, 2021","Mandible Morant","Dropdown: Darius Garland, Contract Length: 2, Salary year 1: 12, Year 2: 13, Year 3: , Year 4: , Year 5: , Year 6: , Year 7: 
","Dropdown: , Contract Length: , Salary year 1: , Year 2: , Year 3: , Year 4: , Year 5: -9, Year 6: , Year 7: 
",,"Dropdown: Robert Williams, Contract Length: 2, Salary year 1: 12, Year 2: 13, Year 3: , Year 4: , Year 5: , Year 6: , Year 7: 
","Dropdown: Bogdan Bogdanovic, Contract Length: 1, Salary year 1: 8, Year 2: , Year 3: , Year 4: , Year 5: , Year 6: , Year 7: 
",,"Dropdown: , Contract Length: , Salary year 1: , Year 2: , Year 3: , Year 4: -38, Year 5: , Year 6: , Year 7: 
",,,"Dropdown: Keldon Johnson, Contract Length: 1, Salary year 1: 5, Year 2: , Year 3: , Year 4: , Year 5: , Year 6: , Year 7: 
",,"Dropdown: Derrick White, Contract Length: 1, Salary year 1: 7, Year 2: , Year 3: , Year 4: , Year 5: , Year 6: , Year 7: 
"
"Sep 23, 2021","Long Live Dort!",,"Dropdown: Jusuf Nurkic, Contract Length: 2, Salary year 1: 16, Year 2: 12, Year 3: , Year 4: , Year 5: , Year 6: , Year 7: 
Dropdown: Norman Powell, Contract Length: 1, Salary year 1: 6, Year 2: , Year 3: , Year 4: , Year 5: , Year 6: , Year 7: 
",,"Dropdown: Kyle Anderson, Contract Length: 1, Salary year 1: 7, Year 2: , Year 3: , Year 4: , Year 5: , Year 6: , Year 7: 
","Dropdown: Bogdan Bogdanovic, Contract Length: 2, Salary year 1: 12, Year 2: 11, Year 3: , Year 4: , Year 5: , Year 6: , Year 7: 
",,"Dropdown: Isaiah Stewart, Contract Length: 2, Salary year 1: 10, Year 2: 10, Year 3: , Year 4: , Year 5: , Year 6: , Year 7: 
","Dropdown: Miles Bridges, Contract Length: 2, Salary year 1: 11, Year 2: 11, Year 3: , Year 4: , Year 5: , Year 6: , Year 7: 
",,,"Dropdown: Anthony Edwards, Contract Length: 3, Salary year 1: 20, Year 2: 17, Year 3: 15, Year 4: , Year 5: , Year 6: , Year 7: 
","Dropdown: Dillon Brooks, Contract Length: 1, Salary year 1: 5, Year 2: , Year 3: , Year 4: , Year 5: , Year 6: , Year 7: 
"
"Sep 23, 2021","Patrick Ewing Theory","Dropdown: Darius Garland, Contract Length: 2, Salary year 1: 10, Year 2: 20, Year 3: , Year 4: , Year 5: , Year 6: , Year 7: 
",,,,"Dropdown: Saddiq Bey, Contract Length: 2, Salary year 1: 5, Year 2: 10, Year 3: 0, Year 4: , Year 5: , Year 6: , Year 7: 
","Dropdown: , Contract Length: , Salary year 1: , Year 2: , Year 3: -5, Year 4: , Year 5: , Year 6: , Year 7: 
",,"Dropdown: Miles Bridges, Contract Length: 3, Salary year 1: 6, Year 2: 12, Year 3: 18, Year 4: , Year 5: , Year 6: , Year 7: 
",,,"Dropdown: Anthony Edwards, Contract Length: 3, Salary year 1: 10, Year 2: 20, Year 3: 30, Year 4: , Year 5: , Year 6: , Year 7: 
","Dropdown: Dillon Brooks, Contract Length: 0, Salary year 1: , Year 2: , Year 3: , Year 4: , Year 5: , Year 6: , Year 7: 
"
"Sep 20, 2021","Linsanity 2.0","Dropdown: Darius Garland, Contract Length: 3, Salary year 1: 10, Year 2: 15, Year 3: 20, Year 4: , Year 5: , Year 6: , Year 7: 
",,,,,,"Dropdown: Kevin Porter Jr, Contract Length: 3, Salary year 1: 10, Year 2: 15, Year 3: 20, Year 4: , Year 5: , Year 6: , Year 7: 
",,,,"Dropdown: Anthony Edwards, Contract Length: 5, Salary year 1: 30, Year 2: 20, Year 3: 15, Year 4: 45, Year 5: 45, Year 6: , Year 7: 
",
"Sep 16, 2021",Chris,,,,"Dropdown: Enes kanter, Contract Length: 4, Salary year 1: 100, Year 2: 100, Year 3: 100, Year 4: 100
",,"Dropdown: Kelly Oubre Jr, Contract Length: 1, Salary year 1: 13, Year 2: , Year 3: , Year 4: 
","Dropdown: Kevin Porter Jr, Contract Length: 2, Salary year 1: 20, Year 2: 20, Year 3: , Year 4: 
",,,,,
"Sep 16, 2021",Alex,"Dropdown: Dorian Finney-Smith, Contract Length: 1, Salary year 1: , Year 2: , Year 3: , Year 4: 
Dropdown: Derrick Rose, Contract Length: 2, Salary year 1: , Year 2: , Year 3: , Year 4: 
","Dropdown: Harrison Barnes, Contract Length: 3, Salary year 1: , Year 2: , Year 3: , Year 4: 
","Dropdown: Jae'Sean Tate, Contract Length: , Salary year 1: , Year 2: , Year 3: , Year 4: 
Dropdown: Jae'Sean Tate, Contract Length: , Salary year 1: , Year 2: , Year 3: , Year 4: 
",,"Dropdown: Jordan Clarkson, Contract Length: 2, Salary year 1: 8, Year 2: 15, Year 3: , Year 4: 
",,,,,,,
